<?xml version="1.0" encoding="UTF-8"?>
<FlexiPage xmlns="http://soap.sforce.com/2006/04/metadata">
    <flexiPageRegions>
        <itemInstances>
            <componentInstance>
                <componentName>EinsteinVisionDashboard</componentName>
                <identifier>EinsteinVisionDashboard</identifier>
            </componentInstance>
        </itemInstances>
        <name>region1</name>
        <type>Region</type>
    </flexiPageRegions>
    <flexiPageRegions>
        <name>region2</name>
        <type>Region</type>
    </flexiPageRegions>
    <flexiPageRegions>
        <name>region3</name>
        <type>Region</type>
    </flexiPageRegions>
    <masterLabel>Einstein Vision</masterLabel>
    <template>
        <name>flexipage:appHomeTemplateHeaderTwoColumns</name>
    </template>
    <type>AppPage</type>
</FlexiPage>
